시험고유번호,시험명,과목,대단원,중단원,정답,배점,표준반응시간(초),표준총응시시간(초),생성일,과정번호,분류코드
264,테스트(2023년03월19일)_001,,,,"[131, 5, 1, 5, 2]","[20, 20, 20, 20, 20]","[60, 60, 60, 60, 60]",300,2023/03/19,0,
265,테스트(2023년03월19일)_002,,,,"[1, 5, 4, 3, 2]","[20, 20, 20, 20, 20]","[60, 60, 60, 60, 60]",300,2023/03/19,0,
266,테스트(2023년03월19일)_003,,,,"[3, 5, 3, 2, 4]","[20, 20, 20, 20, 20]","[60, 60, 60, 60, 60]",300,2023/03/19,0,
267,테스트(2023년03월19일)_001,,,,"[5, 2, 4, 4, 20, 4, 9, 3, 1, 2]","[10, 10, 10, 10, 10, 10, 10, 10, 10, 10]","[60, 60, 60, 60, 60, 60, 60, 60, 60, 60]",600,2023/03/19,0,
269,20_001,,,,"['4', '2,5', '5', '4', '3', '4', '3', '4', '44', '2', '4', '2', '15', '1', '28', '4', '3', '5', '1', '4']","[5, 5, 5, 5, 5, 5, 5, 5, 5, 5, 5, 5, 5, 5, 5, 5, 5, 5, 5, 5]","[60, 60, 60, 60, 60, 60, 60, 60, 60, 60, 60, 60, 60, 60, 60, 60, 60, 60, 60, 60]",1200,2023/03/19,0,
270,25_001,,,,"['4', '1,3', '3', '30', '6', '1,4', '2', '30', '2', '23', '2,5', '3', '3', '2', '4', '4', '2', '1', '31', '15', '2', '1', '5', '4', '4']","[4, 4, 4, 4, 4, 4, 4, 4, 4, 4, 4, 4, 4, 4, 4, 4, 4, 4, 4, 4, 4, 4, 4, 4, 4]","[60, 60, 60, 60, 60, 60, 60, 60, 60, 60, 60, 60, 60, 60, 60, 60, 60, 60, 60, 60, 60, 60, 60, 60, 60]",1500,2023/03/19,0,
271,30_001,,,,"['2', '4', '5', '5', '2', '3', '3', '4', '3', '3', '1,5', '1', '1', '2', '5', '1', '4', '5', '4', '26', '3', '2', '-39', '4', '3', '5', '2', '1', '2', '5']","[3, 3, 3, 3, 3, 3, 3, 3, 3, 3, 3, 3, 3, 3, 3, 3, 3, 3, 3, 3, 3, 3, 3, 3, 3, 3, 3, 3, 3, 13]","[60, 60, 60, 60, 60, 60, 60, 60, 60, 60, 60, 60, 60, 60, 60, 60, 60, 60, 60, 60, 60, 60, 60, 60, 60, 60, 60, 60, 60, 60]",1800,2023/03/19,0,
286,테스트(2023년03월20일)_001,,,,"[1, 4, 2, 19, 3, 4, 3, 2, 2, 4, 3, 2, 5, 10, 4, 14, 48, 4, 3, 2, 39, 7, 17, 6, 94, 196, 5, 3, 10, 2]","[0, 1, 1, 1, 1, 1, 1, 1, 1, 1, 1, 1, 1, 1, 1, 2, 2, 4, 4, 4, 7, 7, 7, 7, 7, 7, 7, 7, 7, 7]","[30, 60, 60, 60, 60, 60, 60, 60, 60, 60, 60, 60, 60, 60, 60, 60, 60, 180, 180, 180, 300, 300, 300, 300, 300, 300, 300, 300, 300, 300]",4530,2023/03/20,0,
287,테스트(2023년03월20일)_001_정답,,,,"['1', '4', '2', '19', '3', '4', '3', '2', '2', '4', '3', '2', '5', '10', '4', '14', '48', '4', '3', '2', '39', '7', '17', '6', '94', '196', '5', '3', '10', '2']","[0, 1, 1, 1, 1, 1, 1, 1, 1, 1, 1, 1, 1, 1, 1, 2, 2, 4, 4, 4, 7, 7, 7, 7, 7, 7, 7, 7, 7, 7]","[30, 60, 60, 60, 60, 60, 60, 60, 60, 60, 60, 60, 60, 60, 60, 60, 60, 180, 180, 180, 300, 300, 300, 300, 300, 300, 300, 300, 300, 300]",4530,2023/03/20,0,
288,수학(상)_이차방정식_박핑코_001,,,,"[5, 3, 1, 25, 13]","[11, 11, 11, 33, 34]","[60, 60, 60, 180, 180]",540,2023/03/21,0,
289,수학(상)_이차방정식_박핑코_002,,,,"[3, 2, 4, 5, -2]","[11, 11, 11, 33, 34]","[60, 60, 60, 180, 180]",540,2023/03/21,0,
291,수학(상)_이차방정식_박핑코_004,,,,"[3, 3, 2, 5, 2]","[11, 11, 11, 33, 34]","[60, 60, 60, 180, 180]",540,2023/03/21,0,
292,수학(상)_이차방정식_박핑코_005,,,,"[4, 2, 24, 4, 3]","[11, 11, 11, 33, 34]","[60, 60, 60, 180, 180]",540,2023/03/21,0,
295,hi how are you_001,,,,"[1, 5, 3, 9, 28, 5, 2, -2, 2, 2, 3, 2, 3, 15, 5, 7, 3, 3, 2, 68]","[1, 2, 2, 2, 2, 2, 2, 2, 3, 7, 7, 7, 7, 7, 7, 7, 7, 7, 7, 12]","[30, 60, 60, 60, 60, 60, 60, 60, 60, 180, 180, 180, 180, 180, 180, 180, 180, 180, 180, 300]",2610,2023/03/21,0,
296,hi how are you_002,,,,"[1, 1, 3, 1, 4, 2, 8, 3, 2, 5, 1, 2, 4, 1, 5, 2, 3, 9, 3, 4]","[1, 2, 2, 2, 2, 2, 2, 2, 3, 7, 7, 7, 7, 7, 7, 7, 7, 7, 7, 12]","[30, 60, 60, 60, 60, 60, 60, 60, 60, 180, 180, 180, 180, 180, 180, 180, 180, 180, 180, 300]",2610,2023/03/21,0,
297,직선의 방정식_001,,,,"[2, 4, 2, 5, 1]","[14, 14, 14, 15, 43]","[60, 60, 60, 60, 180]",420,2023/03/21,0,
298,직선의 방정식_002,,,,"[2, 2, 2, 1, 2]","[14, 14, 14, 15, 43]","[60, 60, 60, 60, 180]",420,2023/03/21,0,
299,테스트(2023년04월02일),,,,"['5', '2', '80', '5', '14']","[16, 18, 22, 29, 15]","[90, 100, 120, 150, 75]",535,2023/04/02,0,
300,테스트(2023년04월02일),,,,"[14, 2]","[87, 13]","[14, 2]",16,2023/04/02,0,
302,구미여고2_확통_2023년 1학기_중간고사대비(1)_002,,,,"['7', '5', '360', '4', '10', '5', '1', '240']","[12, 12, 12, 12, 13, 13, 13, 13]","[60, 60, 60, 60, 60, 60, 60, 60]",480,2023/04/04,0,
303,구미여고2_확통_2023년 1학기_중간고사대비(1)_001,,,,"['54', '3', '180', '1', '5', '150', '9', '5']","[12, 12, 12, 12, 13, 13, 13, 13]","[60, 60, 60, 60, 60, 60, 60, 60]",480,2023/04/04,0,
337,테스트(2023년04월10일),,,,"['270', '2', '1', '5', '3']","[20, 20, 20, 20, 20]","[60, 60, 60, 60, 60]",300,2023/04/12,0,
305,박주림_오답문항_001,,,,"['2', '5', '2', '15', '5', '24', '2', '-90', '3', '3', '3', '1', '4', '5', '5', '1', '5', '2', '3', '1', '2', '5', '5', '2', '2', '3', '4', '5', '3', '2', '3', '4', '4', '131', '2', '2']","[2, 2, 2, 2, 2, 2, 2, 2, 3, 3, 3, 3, 3, 3, 3, 3, 3, 3, 3, 3, 3, 3, 3, 3, 3, 3, 3, 3, 3, 3, 3, 3, 3, 3, 3, 3]","[60, 60, 60, 60, 60, 60, 60, 60, 60, 60, 60, 60, 60, 60, 60, 60, 60, 60, 60, 60, 60, 60, 60, 60, 60, 60, 60, 60, 60, 60, 60, 60, 60, 60, 60, 60]",2160,2023/04/12,0,
349,테스트(2023년04월11일)_001,고등선행,중3-1,01제곱근과 실수,"['3', '3', '3', '1', '30', '3', '1', '5', '2', '12']","[10, 10, 10, 10, 10, 10, 10, 10, 10, 10]","[60, 60, 60, 60, 60, 60, 60, 60, 60, 60]",600,2023/04/12,0,
306,박주림_오답문항_0012,,,,"['4', '2', '3', '4', '1', '2', '4', '5', '5', '3', '2', '3', '5', '2', '-90', '1', '2', '2', '5', '2', '5', '3', '3', '2', '3', '2', '3', '4', '2', '5', '5', '24', '131', '5', '15', '1']","[2, 2, 2, 2, 2, 2, 2, 2, 3, 3, 3, 3, 3, 3, 3, 3, 3, 3, 3, 3, 3, 3, 3, 3, 3, 3, 3, 3, 3, 3, 3, 3, 3, 3, 3, 3]","[60, 60, 60, 60, 60, 60, 60, 60, 60, 60, 60, 60, 60, 60, 60, 60, 60, 60, 60, 60, 60, 60, 60, 60, 60, 60, 60, 60, 60, 60, 60, 60, 60, 60, 60, 60]",2160,2023/04/12,0,
292,수학(상)_이차방정식_박핑코_005,,,,"['4', '2', '24', '4', '3']","[11, 11, 11, 33, 34]","[60, 60, 60, 180, 180]",540,2023/04/12,0,
290,수학(상)_이차방정식_박핑코_003,,,,"['2', '2', '2', '31', '5']","[11, 11, 11, 33, 34]","[60, 60, 60, 180, 180]",540,2023/04/12,0,
268,15001,,,,"['4', '2', '1,3', '1', '3', '5', '5', '1', '4', '1', '4', '5', '5', '1', '4']","[6, 6, 6, 6, 6, 6, 6, 6, 6, 6, 6, 6, 6, 6, 16]","[60, 60, 60, 60, 60, 60, 60, 60, 60, 60, 60, 60, 60, 60, 60]",900,2023/04/12,0,
268,15001,,,,"['4', '2', '1,3', '1', '3', '5', '5', '1', '4', '1', '4', '5', '5', '1', '4']","[6, 6, 6, 6, 6, 6, 6, 6, 6, 6, 6, 6, 6, 6, 16]","[60, 60, 60, 60, 60, 60, 60, 60, 60, 60, 60, 60, 60, 60, 60]",900,2023/04/12,0,
351,테스트(2023년04월11일)_0012,,,,"['2', '161', '2', '2', '2']","[20, 20, 20, 20, 20]","[60, 60, 60, 60, 60]",300,2023/04/12,0,
350,테스트(2023년04월11일)_001,,,,"['3', '3', '12', '1', '3', '3', '1', '2', '5', '30']","[10, 10, 10, 10, 10, 10, 10, 10, 10, 10]","[60, 60, 60, 60, 60, 60, 60, 60, 60, 61]",601,2023/04/12,0,
353,테스트(2023년04월13일)_001,,,,"[1, 1, 2, 2, 3]","[20, 20, 20, 20, 20]","[60, 60, 60, 60, 60]",300,2023/04/13,0,
354,테스트(2023년04월13일)_002,,,,"[3, 1, 5, 2, 3]","[20, 20, 20, 20, 20]","[60, 60, 60, 60, 60]",300,2023/04/13,0,
355,테스트(2023년04월13일)_001,,,,"[-76, 5, 2, 2, -2]","[20, 20, 20, 20, 20]","[60, 60, 60, 60, 60]",300,2023/04/13,0,
356,테스트(2023년04월13일)_002,,,,"[2, 4, 1, 16, 1]","[20, 20, 20, 20, 20]","[60, 60, 60, 60, 60]",300,2023/04/13,0,
357,테스트(2023년04월13일)_001,,,,"[1, 1, 4, 4, 1]","[20, 20, 20, 20, 20]","[60, 60, 60, 60, 60]",300,2023/04/13,0,
358,테스트(2023년04월13일)_002,,,,"[1, 2, 4, 2, 4]","[20, 20, 20, 20, 20]","[60, 60, 60, 60, 60]",300,2023/04/13,0,
359,테스트(2023년04월13일)_001,,,,"[2, 4, 5, 1, 4]","[20, 20, 20, 20, 20]","[60, 60, 60, 60, 60]",300,2023/04/13,0,
360,테스트(2023년04월13일)_002,,,,"[3, 5, 4, 2, 5]","[20, 20, 20, 20, 20]","[60, 60, 60, 60, 60]",300,2023/04/13,0,
374,테스트(2023년04월17일)_002,,,,"[4, 2, 3, 3, 5, 4, 3, 1, 1, 2, 3, 1, 5, 2, 3, 3, 1, 4, 4, 5]","[5, 5, 5, 5, 5, 5, 5, 5, 5, 5, 5, 5, 5, 5, 5, 5, 5, 5, 5, 5]","[60, 60, 60, 60, 60, 60, 60, 60, 60, 60, 60, 60, 60, 60, 60, 60, 60, 60, 60, 60]",1200,2023/04/17,0,
375,테스트(2023년04월17일)_003,,,,"[4, 3, 4, 4, 4, 3, 4, 1, 4, 2, 617, 2, 4, 4, 2, 3, 4, 4, 1, 101]","[5, 5, 5, 5, 5, 5, 5, 5, 5, 5, 5, 5, 5, 5, 5, 5, 5, 5, 5, 5]","[60, 60, 60, 60, 60, 60, 60, 60, 60, 60, 60, 60, 60, 60, 60, 60, 60, 60, 60, 60]",1200,2023/04/17,0,
373,테스트(2023년04월17일)_001,,,,"['4', '1', '1', '3', '2', '4', '4', '3', '1', '3', '1', '2', '2', '3', '2', '0.25', '5', '5', '5', '3']","[5, 5, 5, 5, 5, 5, 5, 5, 5, 5, 5, 5, 5, 5, 5, 5, 5, 5, 5, 5]","[60, 60, 60, 60, 60, 60, 60, 60, 60, 60, 60, 60, 60, 60, 60, 60, 60, 60, 60, 60]",1200,2023/04/17,0,
376,테스트(2023년04월17일)_001,,,,"[2, 2, 3, 4, 3, 3, -1, 5, 3, 3]","[10, 10, 10, 10, 10, 10, 10, 10, 10, 10]","[60, 60, 60, 60, 60, 60, 60, 60, 60, 60]",600,2023/04/17,8,
377,테스트(2023년04월17일)_002,,,,"[4, 4, 3, 4, 12, 3, 4, 2, 2, 3]","[10, 10, 10, 10, 10, 10, 10, 10, 10, 10]","[60, 60, 60, 60, 60, 60, 60, 60, 60, 60]",600,2023/04/17,8,
378,테스트(2023년04월17일)_003,,,,"[5, 5, 28, 4, 3, 5, -8, 1, 3, 6]","[10, 10, 10, 10, 10, 10, 10, 10, 10, 10]","[60, 60, 60, 60, 60, 60, 60, 60, 60, 60]",600,2023/04/17,8,
379,테스트(2023년04월17일)_004,,,,"[4, 4, 2, 2, 3, 5, 4, 4, 3, 2]","[10, 10, 10, 10, 10, 10, 10, 10, 10, 10]","[60, 60, 60, 60, 60, 60, 60, 60, 60, 60]",600,2023/04/17,8,
380,테스트(2023년04월17일)_005,,,,"['3', '3', '9', '4', '-2', '1,2', '2,3', '3', '5', '3']","[10, 10, 10, 10, 10, 10, 10, 10, 10, 10]","[60, 60, 60, 60, 60, 60, 60, 60, 60, 60]",600,2023/04/17,8,
381,테스트(2023년04월17일)_001,,,,"['5', '3', '18', '2', '30', '5', '4', '4', '2', '3', '2', '5', '4', '2', '5', '3', '3', '5', '5', '4', '4', '3', '1', '2', '2', '4', '1,4', '4', '4', '1,3', '1', '1', '1', '1', '5', '1', '4', '5', '2', '2', '3', '3', '4', '3', '16', '3', '5', '2', '20', '2']","[2, 2, 2, 2, 2, 2, 2, 2, 2, 2, 2, 2, 2, 2, 2, 2, 2, 2, 2, 2, 2, 2, 2, 2, 2, 2, 2, 2, 2, 2, 2, 2, 2, 2, 2, 2, 2, 2, 2, 2, 2, 2, 2, 2, 2, 2, 2, 2, 2, 2]","[60, 60, 60, 60, 60, 60, 60, 60, 60, 60, 60, 60, 60, 60, 60, 60, 60, 60, 60, 60, 60, 60, 60, 60, 60, 60, 60, 60, 60, 60, 60, 60, 60, 60, 60, 60, 60, 60, 60, 60, 60, 60, 60, 60, 60, 60, 60, 60, 60, 60]",3000,2023/04/17,9,
382,테스트(2023년04월17일)_002,,,,"[2, 3, 3, 3, 5, 2, 3, 4, 4, 4, 2, 2, 3, 4, 3, 4, 5, 23, 4, 1, 1, 2, 5, 4, 4, 3, 1, -2, 2, 2, 2, 4, 5, 11, 4, 1, 2, 4, 15, 4, 26, 2, 5, 4, 3, 2, 2, 2, 3, 21]","[2, 2, 2, 2, 2, 2, 2, 2, 2, 2, 2, 2, 2, 2, 2, 2, 2, 2, 2, 2, 2, 2, 2, 2, 2, 2, 2, 2, 2, 2, 2, 2, 2, 2, 2, 2, 2, 2, 2, 2, 2, 2, 2, 2, 2, 2, 2, 2, 2, 2]","[60, 60, 60, 60, 60, 60, 60, 60, 60, 60, 60, 60, 60, 60, 60, 60, 60, 60, 60, 60, 60, 60, 60, 60, 60, 60, 60, 60, 60, 60, 60, 60, 60, 60, 60, 60, 60, 60, 60, 60, 60, 60, 60, 60, 60, 60, 60, 60, 60, 60]",3000,2023/04/17,9,
383,테스트(2023년04월17일)_003,,,,"['3', '2', '44', '14', '5', '1', '1', '4', '2', '6', '15', '1', '2', '3', '3', '2', '5', '2', '2', '5', '30', '3', '4', '5', '4,5', '3', '4', '2,5', '4', '2', '3', '5', '1', '1', '5', '2', '28', '9', '4', '5', '3', '1', '1', '5', '2', '-39', '4', '4', '3', '5']","[2, 2, 2, 2, 2, 2, 2, 2, 2, 2, 2, 2, 2, 2, 2, 2, 2, 2, 2, 2, 2, 2, 2, 2, 2, 2, 2, 2, 2, 2, 2, 2, 2, 2, 2, 2, 2, 2, 2, 2, 2, 2, 2, 2, 2, 2, 2, 2, 2, 2]","[60, 60, 60, 60, 60, 60, 60, 60, 60, 60, 60, 60, 60, 60, 60, 60, 60, 60, 60, 60, 60, 60, 60, 60, 60, 60, 60, 60, 60, 60, 60, 60, 60, 60, 60, 60, 60, 60, 60, 60, 60, 60, 60, 60, 60, 60, 60, 60, 60, 60]",3000,2023/04/17,9,
384,테스트(2023년04월17일)_004,,,,"['2', '1', '1', '3', '4', '4', '4', '5', '2', '2', '5', '4', '4', '5', '3', '5', '5', '3', '3', '4', '2', '2,3', '3', '12', '10', '5', '2', '-1', '4', '3', '2', '2', '1', '4', '2', '2', '4', '5', '1', '1', '3', '31', '5', '5', '4', '1', '5', '1', '4', '3']","[2, 2, 2, 2, 2, 2, 2, 2, 2, 2, 2, 2, 2, 2, 2, 2, 2, 2, 2, 2, 2, 2, 2, 2, 2, 2, 2, 2, 2, 2, 2, 2, 2, 2, 2, 2, 2, 2, 2, 2, 2, 2, 2, 2, 2, 2, 2, 2, 2, 2]","[60, 60, 60, 60, 60, 60, 60, 60, 60, 60, 60, 60, 60, 60, 60, 60, 60, 60, 60, 60, 60, 60, 60, 60, 60, 60, 60, 60, 60, 60, 60, 60, 60, 60, 60, 60, 60, 60, 60, 60, 60, 60, 60, 60, 60, 60, 60, 60, 60, 60]",3000,2023/04/17,9,
385,테스트(2023년04월17일)_005,,,,"['4', '3', '2', '4', '4', '4', '4', '4', '3', '5', '1', '1', '2', '4', '2', '5', '4', '4', '5', '6', '3', '3', '2', '2', '3', '3', '1,2', '3', '12', '1,5', '1', '3', '3', '3', '2', '5', '5', '3', '-8', '3', '5', '3', '6', '3', '1', '4', '3', '2', '1', '4']","[2, 2, 2, 2, 2, 2, 2, 2, 2, 2, 2, 2, 2, 2, 2, 2, 2, 2, 2, 2, 2, 2, 2, 2, 2, 2, 2, 2, 2, 2, 2, 2, 2, 2, 2, 2, 2, 2, 2, 2, 2, 2, 2, 2, 2, 2, 2, 2, 2, 2]","[60, 60, 60, 60, 60, 60, 60, 60, 60, 60, 60, 60, 60, 60, 60, 60, 60, 60, 60, 60, 60, 60, 60, 60, 60, 60, 60, 60, 60, 60, 60, 60, 60, 60, 60, 60, 60, 60, 60, 60, 60, 60, 60, 60, 60, 60, 60, 60, 60, 60]",3000,2023/04/17,9,
386,내신대비 학교기출_001,,,,"[5, 1, 5, 2, 2, 3, 5, 3, 5, 4]","[10, 10, 10, 10, 10, 10, 10, 10, 10, 10]","[60, 60, 60, 60, 60, 60, 60, 60, 60, 60]",600,2023/04/17,10,
387,내신대비 학교기출_002,,,,"[2, 5, 5, 4, 4, 2, 2, 5, 3, 4]","[10, 10, 10, 10, 10, 10, 10, 10, 10, 10]","[60, 60, 60, 60, 60, 60, 60, 60, 60, 60]",600,2023/04/17,10,
388,테스트(2023년04월17일)_001,,,,"[-3, 3, 5, 2, 4, 13, 5, -2]","[12, 12, 12, 12, 13, 13, 13, 13]","[60, 60, 60, 60, 60, 60, 60, 60]",480,2023/04/17,11,
389,테스트(2023년04월17일)_001,,,,"[3, 1, -1, 30, 2]","[20, 20, 20, 20, 20]","[60, 60, 60, 60, 60]",300,2023/04/17,12,
390,테스트(2023년04월17일)_002,,,,"[4, 5, 4, 4, 3]","[20, 20, 20, 20, 20]","[60, 60, 60, 60, 60]",300,2023/04/17,12,
391,테스트(2023년04월17일)_003,,,,"['1', '2', '2,3', '1', '5']","[20, 20, 20, 20, 20]","[60, 60, 60, 60, 60]",300,2023/04/17,12,
392,테스트(2023년04월17일)_004,,,,"[4, 3, 3, 1, 4]","[20, 20, 20, 20, 20]","[60, 60, 60, 60, 60]",300,2023/04/17,12,
393,테스트(2023년04월17일)_005,,,,"[5, 30, 14, 4, 1]","[20, 20, 20, 20, 20]","[60, 60, 60, 60, 60]",300,2023/04/17,12,
394,도형의 방정식_001,,,,"[4, 2, 7, 3, 4]","[20, 20, 20, 20, 20]","[60, 60, 60, 60, 60]",300,2023/04/17,13,
395,도형의 방정식_002,,,,"[9, 3, 4, 1, 2]","[20, 20, 20, 20, 20]","[60, 60, 60, 60, 60]",300,2023/04/17,13,
396,도형의 방정식_003,,,,"[3, 3, 3, 3, 2]","[20, 20, 20, 20, 20]","[60, 60, 60, 60, 60]",300,2023/04/17,13,
397,토수니 오답노트_001,,,,"[2, 1, 3, 5, 2, 3, 4, 2]","[12, 12, 12, 12, 13, 13, 13, 13]","[60, 60, 60, 60, 60, 60, 60, 60]",480,2023/04/18,15,
398,테스트(2023년04월23일)_001,,,,"[5, 3, 3, 2, 1, 1, 5, 1]","[12, 12, 12, 12, 13, 13, 13, 13]","[60, 60, 60, 60, 60, 60, 60, 60]",480,2023/04/23,0,
399,테스트(2023년04월23일)_002,,,,"[1, 5, 5, 4, 3, 2, 1, 3]","[12, 12, 12, 12, 13, 13, 13, 13]","[60, 60, 60, 60, 60, 60, 60, 60]",480,2023/04/23,0,
400,테스트(2023년04월23일)_003,,,,"[60, 5, 5, 1, 2, 6, 3, 2]","[12, 12, 12, 12, 13, 13, 13, 13]","[60, 60, 60, 60, 60, 60, 60, 60]",480,2023/04/23,0,
401,테스트(2023년04월23일)_004,,,,"[1, 3, 20, 2, 4, 13, 1, 2]","[12, 12, 12, 12, 13, 13, 13, 13]","[60, 60, 60, 60, 60, 60, 60, 60]",480,2023/04/23,0,
402,테스트(2023년04월23일)_005,,,,"[3, 5, 1, -2, 22, 1, 3, 2]","[12, 12, 12, 12, 13, 13, 13, 13]","[60, 60, 60, 60, 60, 60, 60, 60]",480,2023/04/23,0,
403,테스트(2023년04월24일)_001,,,,"[5, 19, 4, 1, 58]","[20, 20, 20, 20, 20]","[60, 60, 60, 60, 60]",300,2023/04/24,0,
404,테스트(2023년04월25일)_001,,,,"[5, 5, 4, 2, 4]","[20, 20, 20, 20, 20]","[60, 60, 60, 60, 60]",300,2023/04/25,0,
405,테스트(2023년04월28일)_001,,,,"[3, 2, 3, 1, 1, 5, 1, 4]","[12, 12, 12, 12, 13, 13, 13, 13]","[60, 60, 60, 60, 60, 60, 60, 60]",480,2023/04/28,0,"['-', '-', '-', '-', '-', '-', '-', '-']"
406,테스트(2023년04월28일)_001,,,,"[4, 3, 2, 9, 1]","[20, 20, 20, 20, 20]","[60, 60, 60, 60, 60]",300,2023/04/28,0,
407,테스트(2023년04월28일)_002,,,,"[5, 3, 1, 4, 4]","[20, 20, 20, 20, 20]","[60, 60, 60, 60, 60]",300,2023/04/28,0,
408,테스트(2023년04월29일)_001,,,,"[4.0, 2.0, 3.0, 1.0, 2.0, 191.0, 2.0]","[3, 6, 7, 7, 21, 21, 35]","[30, 60, 60, 60, 180, 180, 300]",870,2023/04/29,0,
409,테스트(2023년04월29일)_002,,,,"[1.0, 4.0, 5.0, 2.0, 4.0, 2.0, 10.0]","[3, 6, 7, 7, 21, 21, 35]","[30, 60, 60, 60, 180, 180, 300]",870,2023/04/29,0,
410,테스트(2023년04월29일)_003,,,,"[3.0, 2.0, 3.0, 2.0, 3.0, 14.0, 3.0]","[3, 6, 7, 7, 21, 21, 35]","[30, 60, 60, 60, 180, 180, 300]",870,2023/04/29,0,
411,테스트(2023년04월29일)_004,,,,"[3.0, 4.0, 90301.0, 2.0, 3.0, 1.0, 7.0]","[3, 6, 7, 7, 21, 21, 35]","[30, 60, 60, 60, 180, 180, 300]",870,2023/04/29,0,
412,테스트(2023년04월29일)_005,,,,"[1.0, 343.0, 3.0, 2.0, 4.0, 672.0, 8.0]","[3, 6, 7, 7, 21, 21, 35]","[30, 60, 60, 60, 180, 180, 300]",870,2023/04/29,0,
413,테스트(2023년04월29일)_001,,,,"[7.0, 58.0, 3.0, 2.0, 20.0, 9.0, 2.0]","[3, 6, 7, 7, 21, 21, 35]","[30, 60, 60, 60, 180, 180, 300]",870,2023/04/29,0,
414,테스트(2023년04월29일)_002,,,,"[1.0, 5.0, -2.0, 5.0, 1.0, 2.0, 240.0]","[3, 6, 7, 7, 21, 21, 35]","[30, 60, 60, 60, 180, 180, 300]",870,2023/04/29,0,
415,테스트(2023년04월29일)_003,,,,"[4.0, 4.0, 1.0, 1.0, 672.0, 4.0, 26.0]","[3, 6, 7, 7, 21, 21, 35]","[30, 60, 60, 60, 180, 180, 300]",870,2023/04/29,0,
416,테스트(2023년04월29일)_004,,,,"[-6.0, 2.0, 2.0, 28.0, 1.0, 3.0, 33.0]","[3, 6, 7, 7, 21, 21, 35]","[30, 60, 60, 60, 180, 180, 300]",870,2023/04/29,0,
417,테스트(2023년04월29일)_005,,,,"[8.0, 2.0, 2.0, 2.0, 1.0, 2.0, 1.0]","[3, 6, 7, 7, 21, 21, 35]","[30, 60, 60, 60, 180, 180, 300]",870,2023/04/29,0,
418,111_001,,,,"[33.0, 2.0, 5.0, 5.0, 1.0, 2.0, 3.0, 5.0, 8.0]","[2, 4, 4, 12, 12, 12, 12, 21, 21]","[30, 60, 60, 180, 180, 180, 180, 300, 300]",1470,2023/04/29,0,
419,111_002,,,,"[1.0, 3.0, 1.0, 80.0, 200.0, 9.0, 2.0, 5.0, 15.0]","[2, 4, 4, 12, 12, 12, 12, 21, 21]","[30, 60, 60, 180, 180, 180, 180, 300, 300]",1470,2023/04/29,0,
423,2222_001,,,,"[2, 2, 3, 5, 5, 2, 2, -4, 5, 2, 99]","[2, 2, 2, 4, 4, 4, 12, 13, 13, 22, 22]","[30, 30, 30, 60, 60, 60, 180, 180, 180, 300, 300]",1410,2023/04/29,0,"['-', '-', '-', '-', '-', '-', '-', '-', '-', '-', '-']"
424,2222_002,,,,"[1, 5, 3, 1, 3, 3, 7, 4, 1, 5, 6]","[2, 2, 2, 4, 4, 4, 12, 13, 13, 22, 22]","[30, 30, 30, 60, 60, 60, 180, 180, 180, 300, 300]",1410,2023/04/29,0,"['-', '-', '-', '-', '-', '-', '-', '-', '-', '-', '-']"
425,2222_003,,,,"[2, 4, 3, 17, 5, 1, 1, 5, 64, 8, 2]","[2, 2, 2, 4, 4, 4, 12, 13, 13, 22, 22]","[30, 30, 30, 60, 60, 60, 180, 180, 180, 300, 300]",1410,2023/04/29,0,"['-', '-', '-', '-', '-', '-', '-', '-', '-', '-', '-']"
426,2222_004,,,,"[4, 2, 1, 2, 4, 3, 12, 5, 3, 15, 5]","[2, 2, 2, 4, 4, 4, 12, 13, 13, 22, 22]","[30, 30, 30, 60, 60, 60, 180, 180, 180, 300, 300]",1410,2023/04/29,0,"['-', '-', '-', '-', '-', '-', '-', '-', '-', '-', '-']"
427,2222_005,,,,"[4, 3, 4, 2, 3, 3, 2, 4, 18, 2, 2]","[2, 2, 2, 4, 4, 4, 12, 13, 13, 22, 22]","[30, 30, 30, 60, 60, 60, 180, 180, 180, 300, 300]",1410,2023/04/29,0,"['-', '-', '-', '-', '-', '-', '-', '-', '-', '-', '-']"
428,2222eeeew22_001,,,,"[5, 2, 4, 4, 1, 9, 4, 4, 3, 1, 99]","[2, 2, 2, 4, 4, 4, 12, 13, 13, 22, 22]","[30, 30, 30, 60, 60, 60, 180, 180, 180, 300, 300]",1410,2023/04/29,0,"['-', '-', '-', '-', '-', '-', '-', '-', '-', '-', '-']"
429,2222eeeew22_002,,,,"[2, 2, -7, 2, 2, 20, 2, 1, 100, 10, 5]","[2, 2, 2, 4, 4, 4, 12, 13, 13, 22, 22]","[30, 30, 30, 60, 60, 60, 180, 180, 180, 300, 300]",1410,2023/04/29,0,
430,2222eeeew22_003,,,,"[2, 3, 5, 48, 5, 4, 1, 12, 1, 5, 4]","[2, 2, 2, 4, 4, 4, 12, 13, 13, 22, 22]","[30, 30, 30, 60, 60, 60, 180, 180, 180, 300, 300]",1410,2023/04/29,0,
431,2222eeeew22_004,,,,"[3, 3, 1, 1, 4, 3, 3, 20, 5, 7, 68]","[2, 2, 2, 4, 4, 4, 12, 13, 13, 22, 22]","[30, 30, 30, 60, 60, 60, 180, 180, 180, 300, 300]",1410,2023/04/29,0,
432,2222eeeew22_005,,,,"[1, 5, 1, 3, 4, 234, 26, 5, 26, 5, 5]","[2, 2, 2, 4, 4, 4, 12, 13, 13, 22, 22]","[30, 30, 30, 60, 60, 60, 180, 180, 180, 300, 300]",1410,2023/04/29,0,"['-', '-', '-', '-', '-', '-', '-', '-', '-', '-', '-']"
461,수능대비_수학1(기본)_015_정답,,,,"[5, 2, 2, 3, 2, 5, 4, 1]","[12, 12, 12, 12, 13, 13, 13, 13]","[60, 60, 60, 60, 60, 60, 60, 60]",480,2023/04/29,0,"['BDH_CAB3_0052', 'BDH_CAA3_0015', 'BDH_CAC3_0039', 'BDH_CAA3_0031', 'BDH_CAC3_0074', 'BDH_CAA3_0038', 'BDH_CAA3_0049', 'BDH_CAD3_0029']"
462,수능대비_수학1(기본)_014_정답,,,,"[1, 3, 2, 3, 2, 2, 4, 2]","[12, 12, 12, 12, 13, 13, 13, 13]","[60, 60, 60, 60, 60, 60, 60, 60]",480,2023/04/29,0,"['BDH_CAA3_0035', 'BDH_CAC3_0030', 'BDH_CAA3_0059', 'BDH_CAD3_0042', 'BDH_CAB3_0013', 'BDH_CAC3_0075', 'BDH_CAC3_0037', 'BDH_CAD3_0015']"
463,수능대비_수학1(기본)_013_정답,,,,"[5, 2, 2, 4, 2, 5, 10, 3]","[12, 12, 12, 12, 13, 13, 13, 13]","[60, 60, 60, 60, 60, 60, 60, 60]",480,2023/04/29,0,"['BDH_CAD3_0070', 'BDH_CAB3_0030', 'BDH_CAB3_0011', 'BDH_CAD3_0054', 'BDH_CAD3_0032', 'BDH_CAC3_0054', 'BDH_CAA3_0061', 'BDH_CAD3_0008']"
464,수능대비_수학1(기본)_012_정답,,,,"[5, 5, 53, -5, 2, 3, 2, 4]","[12, 12, 12, 12, 13, 13, 13, 13]","[60, 60, 60, 60, 60, 60, 60, 60]",480,2023/04/29,0,"['BDH_CAB3_0005', 'BDH_CAB3_0092', 'BDH_CAD3_0082', 'BDH_CAD3_0037', 'BDH_CAA3_0060', 'BDH_CAC3_0021', 'BDH_CAB3_0023', 'BDH_CAB3_0066']"
465,수능대비_수학1(기본)_011_정답,,,,"[1, 3, 1, 16, 6, 4, 4, 4, '5']","[10, 11, 11, 11, 11, 11, 11, 11, 13]","[60, 60, 60, 60, 60, 60, 60, 60, 70]",550,2023/04/29,0,"['BDH_CAA3_0020', 'BDH_CAC3_0013', 'BDH_CAC3_0035', 'BDH_CAC3_0024', 'BDH_CAD3_0069', 'BDH_CAA3_0044', 'BDH_CAC3_0002', 'BDH_CAC3_0022', 'BDH_0000']"
466,수능대비_수학1(기본)_010_정답,,,,"[2, 3, 3, 3, 4, 5, 4, 3]","[12, 12, 12, 12, 13, 13, 13, 13]","[60, 60, 60, 60, 60, 60, 60, 60]",480,2023/04/29,0,"['BDH_CAD3_0058', 'BDH_CAA3_0002', 'BDH_CAA3_0028', 'BDH_CAC3_0066', 'BDH_CAA3_0001', 'BDH_CAB3_0059', 'BDH_CAC3_0076', 'BDH_CAD3_0010']"
467,수능대비_수학1(기본)_009_정답,,,,"[1, 5, 5, 1, 4, 4]","[12, 12, 12, 12, 13, 13]","[60, 60, 60, 60, 60, 60]",360,2023/04/29,0,"['BDH_CAA3_0029', 'BDH_CAB3_0090', 'BDH_CAD3_0083', 'BDH_CAB3_0029', 'BDH_CAB3_0041', 'BDH_CAB3_0082']"
468,수능대비_수학1(기본)_008_정답,,,,"[3, 1, 6, 15, 5, 4, 2, 4]","[12, 12, 12, 12, 13, 13, 13, 13]","[60, 60, 60, 60, 60, 60, 60, 60]",480,2023/04/29,0,"['BDH_CAB3_0027', 'BDH_CAA3_0043', 'BDH_CAD3_0017', 'BDH_CAD3_0019', 'BDH_CAB3_0038', 'BDH_CAB3_0069', 'BDH_CAA3_0041', 'BDH_CAA3_0055']"
469,수능대비_수학1(기본)_007_정답,,,,"[3, 2, 4, 5, 5, 4, 3, 4]","[11, 11, 12, 12, 12, 18, 12, 12]","[60, 60, 60, 60, 60, 90, 60, 60]",480,2023/04/29,0,"['BDH_CAB3_0088', 'BDH_CAC3_0064', 'BDH_CAB3_0012', 'BDH_AADD', 'BDH_CAA3_0069', 'BDH_CAB3_0084', 'BDH_CAC3_0056', 'BDH_CAA3_0058']"
470,수능대비_수학1(기본)_006_정답,,,,"[4, 3, 1, 2, 2, 1, 4, 2]","[12, 12, 12, 12, 13, 13, 13, 13]","[60, 60, 60, 60, 60, 60, 60, 60]",480,2023/04/29,0,"['BDH_CAD3_0075', 'BDH_CAB3_0074', 'BDH_CAB3_0050', 'BDH_CAC3_0011', 'BDH_CAD3_0052', 'BDH_CAB3_0006', 'BDH_CAD3_0074', 'BDH_CAC3_0062']"
474,수능대비_수학1(기본)_002_정답,,,,"[5, 3, 2, 4, 2, 2, 3, 3, '10', '3']","[10, 10, 10, 10, 10, 10, 10, 10, 10, 10]","[60, 60, 60, 60, 60, 60, 60, 60, 60, 60]",600,2023/04/29,0,"['BDH_CAB3_0015', 'BDH_CAD3_0095', 'BDH_CAA3_0068', 'BDH_CAA3_0052', 'BDH_CAD3_0026', 'BDH_CAD3_0030', 'BDH_CAB3_0080', 'BDH_CAC3_0059', None, 'BDH_0000']"
478,테스트(2023년04월29일)_004,,,,"[5, 7, 2, 1, 2]","[20, 20, 20, 20, 20]","[60, 60, 60, 60, 60]",300,2023/04/29,0,"['BDH_ACB3_0144', 'BDH_ACB3_0009', 'BDH_ACB3_0097', 'BDH_ACB3_0019', 'BDH_ACB3_0052']"
479,테스트(2023년04월29일)_005,,,,"[1, 3, 1, 8, 4, '5', '12']","[15, 15, 15, 15, 16, 8, 16]","[60, 60, 60, 60, 60, 30, 60]",390,2023/04/29,0,"['BDH_ACB3_0006', 'BDH_ACB3_0075', None, 'BDH_ACB3_0142', None, None]"
480,[오답문항]박주림_테스트(2023년04월29일)_005,,,,"[1, 1, '3']","[50, 50, 30]","[60, 60, 60]",120,2023/04/29,0,"['BDH_ACB3_0006', 'BDH_ACB3_0149', 'BDH_0000']"
523,수학1_시험 전 최종,,,,"[4, 6, 2, -2, '15', 60, 4, 2, 4, 1, 4, 2, 4, 4, 4, 2, 3, 2, 2, 4, 9, 8, 3, 1, 18, 2, 2, 1, 4, 5, 3, 4, 3, 2, 5, 4, 4, 2, 4, 3, 3, 4, 3, 4, 4, 4, 2, 2, 5, 2, 3]","[1, 1, 1, 1, 1, 1, 2, 2, 2, 2, 2, 2, 2, 2, 2, 2, 2, 2, 2, 2, 2, 2, 2, 2, 2, 2, 2, 2, 2, 2, 2, 2, 2, 2, 2, 2, 2, 2, 2, 2, 2, 2, 2, 2, 2, 2, 2, 2, 2, 2, 6]","[60, 60, 60, 60, 60, 60, 60, 60, 60, 60, 60, 60, 60, 60, 60, 60, 60, 60, 60, 60, 60, 60, 60, 60, 60, 60, 60, 60, 60, 60, 60, 60, 60, 60, 60, 60, 60, 60, 60, 60, 60, 60, 60, 60, 60, 60, 60, 60, 60, 60, 180]",3180,2023/05/01,0,"['BDH_AXAY', '-', '-', '-', '-', '-', '-', '-', '-', '-', '-', '-', '-', '-', '-', '-', '-', '-', '-', '-', '-', '-', '-', '-', '-', '-', '-', '-', '-', '-', '-', '-', '-', '-', '-', '-', '-', '-', '-', '-', '-', '-', '-', '-', '-', '-', '-', '-', '-', '-', '-']"
540,수학(상)_도형의 방정식_03원의 방정식_테스트_002_정답,,,,"[2, 4, 2, 5, 6]","[9, 18, 14, 22, 37]","[30, 60, 45, 70, 120]",325,2023/05/10,0,
541,수학(상)_도형의 방정식_03원의 방정식_테스트_001_정답,,,,"[1, 9, 6, 1, 5]","[11, 11, 22, 22, 34]","[60, 60, 120, 120, 180]",540,2023/05/10,0,
542,수학(상)_도형의 방정식_03원의 방정식_테스트_000_정답,,,,"[12, 45, 3, 4, 5]","[5, 5, 20, 40, 30]","[30, 30, 100, 200, 151]",511,2023/05/10,0,
543,테스트(2023년05월11일)_001,,,,"[5, 5, 1, 1]","[25, 25, 25, 25]","[60, 60, 60, 60]",240,2023/05/11,0,"['BDH_ABB3_0162', 'BDH_ABC3_0040', 'BDH_ABC3_0115', 'BDH_ABC3_0020']"
544,테스트(2023년05월11일)_002,,,,"[3, 2, 21, 4]","[25, 25, 25, 25]","[60, 60, 60, 60]",240,2023/05/11,0,"['BDH_ABC3_0144', 'BDH_ABB3_0127', 'BDH_ABB3_0110', 'BDH_ABB3_0063']"
545,dsaf_001,,,,"[3, 4, 4, 12, 5]","[20, 20, 20, 20, 20]","[60, 60, 60, 60, 60]",300,2023/05/13,0,"['BDH_ABB3_0038', 'BDH_ABB3_0014', 'BDH_ABB3_0105', 'BDH_ABB3_0157', 'BDH_ABB3_0147']"
546,테스트(2023년05월13일)_001,,,,"[3, 3, 14, 2, 5]","[20, 20, 20, 20, 20]","[60, 60, 60, 60, 60]",300,2023/05/13,29,"['BDH_ABB3_0097', 'BDH_ABB3_0084', 'BDH_ABB3_0015', 'BDH_ABB3_0011', 'BDH_ABB3_0055']"
547,테스트(2023년05월15일)_001,,,,"[4, 3, 19, 4, -3]","[20, 20, 20, 20, 20]","[60, 60, 60, 60, 60]",300,2023/05/15,30,"['BDH_ABB3_0069', 'BDH_ABB3_0061', 'BDH_ABB3_0112', 'BDH_ABB3_0030', 'BDH_ABB3_0158']"
548,테스트(2023년05월15일)_002,,,,"[11, 3, 2, 4, 2]","[20, 20, 20, 20, 20]","[60, 60, 60, 60, 60]",300,2023/05/15,30,"['BDH_ABB3_0093', 'BDH_ABB3_0108', 'BDH_ABB3_0020', 'BDH_ABB3_0095', 'BDH_ABB3_0136']"
549,테스트(2023년05월15일)_003,,,,"[3, 2, 3, 1, 3]","[20, 20, 20, 20, 20]","[60, 60, 60, 60, 60]",300,2023/05/15,30,"['BDH_ABB3_0006', 'BDH_ABB3_0126', 'BDH_ABB3_0090', 'BDH_ABB3_0076', 'BDH_ABB3_0040']"
550,테스트(2023년05월28일)_001,,,,"[1, 10, 5, 2, 7, 1, 3, 2]","[12, 12, 12, 12, 13, 13, 13, 13]","[60, 60, 60, 60, 60, 60, 60, 60]",480,2023/05/28,31,"['BDH_ABB3_0104', 'BDH_ABB3_0013', 'BDH_ABB3_0147', 'BDH_ABB3_0122', 'BDH_ABB3_0155', 'BDH_ABB3_0132', 'BDH_ABB3_0099', 'BDH_ABB3_0136']"
551,테스트(2023년05월28일)_002,,,,"[4, 1, 4, 4, 5, 2, 5, 4]","[12, 12, 12, 12, 13, 13, 13, 13]","[60, 60, 60, 60, 60, 60, 60, 60]",480,2023/05/28,31,"['BDH_ABB3_0062', 'BDH_ABB3_0141', 'BDH_ABB3_0063', 'BDH_ABB3_0151', 'BDH_ABB3_0046', 'BDH_ABB3_0028', 'BDH_ABB3_0119', 'BDH_ABB3_0030']"
552,테스트(2023년05월28일)_003,,,,"[16, 5, -6, 5, 19, 3, 2, 4]","[12, 12, 12, 12, 13, 13, 13, 13]","[60, 60, 60, 60, 60, 60, 60, 60]",480,2023/05/28,31,"['BDH_ABB3_0019', 'BDH_ABB3_0075', 'BDH_ABB3_0111', 'BDH_ABB3_0154', 'BDH_ABB3_0112', 'BDH_ABB3_0010', 'BDH_ABB3_0020', 'BDH_ABB3_0113']"
553,테스트(2023년05월28일)_004,,,,"[1, 3, 4, 3, 5, 12, 1, 9]","[12, 12, 12, 12, 13, 13, 13, 13]","[60, 60, 60, 60, 60, 60, 60, 60]",480,2023/05/28,31,"['BDH_ABB3_0161', 'BDH_ABB3_0080', 'BDH_ABB3_0066', 'BDH_ABB3_0143', 'BDH_ABB3_0163', 'BDH_ABB3_0027', 'BDH_ABB3_0081', 'BDH_ABB3_0068']"
554,테스트(2023년05월28일)_005,,,,"[5, 1, 2, 3, 4, 9, 4, 4]","[12, 12, 12, 12, 13, 13, 13, 13]","[60, 60, 60, 60, 60, 60, 60, 60]",480,2023/05/28,31,"['BDH_ABB3_0083', 'BDH_ABB3_0036', 'BDH_ABB3_0059', 'BDH_ABB3_0108', 'BDH_ABB3_0009', 'BDH_ABB3_0150', 'BDH_ABB3_0142', 'BDH_ABB3_0121']"
555,테스트(2023년05월28일)_001,,,,"[9, 1, 3, 5, 3, 2, 3, 1]","[12, 12, 12, 12, 13, 13, 13, 13]","[60, 60, 60, 60, 60, 60, 60, 60]",480,2023/05/28,32,"['BDH_ABB3_0068', 'BDH_ABB3_0043', 'BDH_ABB3_0032', 'BDH_ABB3_0055', 'BDH_ABB3_0149', 'BDH_ABB3_0039', 'BDH_ABB3_0026', 'BDH_ABB3_0138']"
556,테스트(2023년05월28일)_002,,,,"[3, 4, 2, 1, 1, 3, 3, 2]","[12, 12, 12, 12, 13, 13, 13, 13]","[60, 60, 60, 60, 60, 60, 60, 60]",480,2023/05/28,32,"['BDH_ABB3_0080', 'BDH_ABB3_0128', 'BDH_ABB3_0127', 'BDH_ABB3_0081', 'BDH_ABB3_0141', 'BDH_ABB3_0140', 'BDH_ABB3_0103', 'BDH_ABB3_0025']"
557,테스트(2023년05월28일)_003,,,,"[-7, 3, 5, 2, 5, 55, 21, 4]","[12, 12, 12, 12, 13, 13, 13, 13]","[60, 60, 60, 60, 60, 60, 60, 60]",480,2023/05/28,32,"['BDH_ABB3_0041', 'BDH_ABB3_0164', 'BDH_ABB3_0078', 'BDH_ABB3_0145', 'BDH_ABB3_0012', 'BDH_ABB3_0124', 'BDH_ABB3_0110', 'BDH_ABB3_0069']"
558,테스트(2023년05월28일)_004,,,,"[1, 3, 34, 5, 4, -3, 3, 10]","[12, 12, 12, 12, 13, 13, 13, 13]","[60, 60, 60, 60, 60, 60, 60, 60]",480,2023/05/28,32,"['BDH_ABB3_0098', 'BDH_ABB3_0029', 'BDH_ABB3_0070', 'BDH_ABB3_0147', 'BDH_ABB3_0151', 'BDH_ABB3_0158', 'BDH_ABB3_0061', 'BDH_ABB3_0152']"
559,테스트(2023년05월28일)_005,,,,"[1, 0, 2, 3, 1, 16, 4, 4]","[12, 12, 12, 12, 13, 13, 13, 13]","[60, 60, 60, 60, 60, 60, 60, 60]",480,2023/05/28,32,"['BDH_ABB3_0094', 'BDH_ABB3_0048', 'BDH_ABB3_0002', 'BDH_ABB3_0010', 'BDH_ABB3_0031', 'BDH_ABB3_0085', 'BDH_ABB3_0014', 'BDH_ABB3_0057']"
560,테스트(2023년05월28일)_001,,,,"[2, 5, 1, 1, 3, 5, -16, -3]","[12, 12, 12, 12, 13, 13, 13, 13]","[60, 60, 60, 60, 60, 60, 60, 60]",480,2023/05/28,33,"['BDH_ABB3_0053', 'BDH_ABB3_0012', 'BDH_ABB3_0021', 'BDH_ABB3_0146', 'BDH_ABB3_0022', 'BDH_ABB3_0107', 'BDH_ABB3_0045', 'BDH_ABB3_0116']"
561,테스트(2023년05월28일)_002,,,,"[3, 0, 1, 1, 1, 4, 4, 1]","[12, 12, 12, 12, 13, 13, 13, 13]","[60, 60, 60, 60, 60, 60, 60, 60]",480,2023/05/28,33,"['BDH_ABB3_0103', 'BDH_ABB3_0048', 'BDH_ABB3_0134', 'BDH_ABB3_0125', 'BDH_ABB3_0104', 'BDH_ABB3_0037', 'BDH_ABB3_0102', 'BDH_ABB3_0047']"
562,테스트(2023년05월28일)_003,,,,"[2, 4, 2, 1, 16, 1, -3, 3]","[12, 12, 12, 12, 13, 13, 13, 13]","[60, 60, 60, 60, 60, 60, 60, 60]",480,2023/05/28,33,"['BDH_ABB3_0074', 'BDH_ABB3_0014', 'BDH_ABB3_0135', 'BDH_ABB3_0089', 'BDH_ABB3_0085', 'BDH_ABB3_0094', 'BDH_ABB3_0158', 'BDH_ABB3_0140']"
563,테스트(2023년05월28일)_004,,,,"[25, 2, 5, 5, 10, 3, 11, 1]","[12, 12, 12, 12, 13, 13, 13, 13]","[60, 60, 60, 60, 60, 60, 60, 60]",480,2023/05/28,33,"['BDH_ABB3_0153', 'BDH_ABB3_0122', 'BDH_ABB3_0100', 'BDH_ABB3_0163', 'BDH_ABB3_0152', 'BDH_ABB3_0108', 'BDH_ABB3_0093', 'BDH_ABB3_0133']"
564,테스트(2023년05월28일)_005,,,,"[4, 16, 2, 4, 2, 1, 2, 4]","[12, 12, 12, 12, 13, 13, 13, 13]","[60, 60, 60, 60, 60, 60, 60, 60]",480,2023/05/28,33,"['BDH_ABB3_0069', 'BDH_ABB3_0019', 'BDH_ABB3_0039', 'BDH_ABB3_0113', 'BDH_ABB3_0101', 'BDH_ABB3_0132', 'BDH_ABB3_0117', 'BDH_ABB3_0086']"
